Title;Salary;Description;Requirements;Conditions;WorkEx;Exist
Frontend-разработчик;120000;Требуется опытный Frontend-разработчик для разработки пользовательского интерфейса. Работа с Vue.js и React.js;Опыт работы от 2 лет, знание HTML/CSS/JS, опыт работы с Vue.js и React.js;Полная занятость;Опыт от 2-х лет;true
Менеджер по продажам;60000;Компания ищет опытного менеджера по продажам. Работа с клиентами, составление договоров, анализ рынка.;Опыт работы от 3 лет, знание основ продаж, высшее образование;Полная занятость;Опыт от 3-х лет;true
Python-разработчик;150000;Компания ищет Python-разработчика для разработки backend-части. Работа с Django и Flask.;Опыт работы от 3 лет, знание Python, Django и Flask;Полная занятость;Опыт от 3-х лет;true
Системный администратор;90000;Компания ищет системного администратора для поддержки работы IT-инфраструктуры.;Опыт работы от 3 лет, знание Windows и Linux, опыт работы с сетями;Полная занятость;Опыт от 3-х лет;true
Администратор баз данных;100000;Требуется администратор баз данных для поддержки работы баз данных компании.;Опыт работы от 2 лет, знание SQL, опыт администрирования баз данных;Полная занятость;Опыт от 2-х лет;true
HR-менеджер;80000;Компания ищет HR-менеджера для подбора и оценки персонала, развития корпоративной культуры.;Опыт работы от 3 лет, знание основ HR-менеджмента;Полная занятость;Опыт от 3-х лет;true
Fullstack-разработчик;170000;Компания ищет Fullstack-разработчика для разработки пользовательского интерфейса и backend-части.;Опыт работы от 4 лет, знание HTML/CSS/JS и Python, опыт работы с Django и React.js;Полная занятость;Опыт от 4-х лет;true
Тестировщик ПО;80000;Требуется тестировщик ПО для тестирования программных продуктов компании.;Опыт работы от 1 года, знание методологий тестирования ПО;Полная занятость;Опыт от 1-го года;true
Работа на дому;80000;Требуется человек для работы на дому.;Опыт работы не требуется;Удаленная работа;Без опыта;false
Водитель-экспедитор;100000;Требуется водитель-экспедитор для доставки грузов по городу.;Опыт работы от 2 лет, наличие категории С и опыт работы на грузовике;Полная занятость;Опыт от 2-х лет;true
Специалист по контенту;70000;Компания ищет специалиста по контенту для создания и редактирования текстового и мультимедийного контента.;Опыт работы от 1 года, знание SEO и SMM;Полная занятость;Опыт от 1-го года;true
Инженер-строитель;120000;Требуется инженер-строитель для разработки проектов и управления строительными объектами.;Опыт работы от 5 лет, высшее образование, знание законодательства в области строительства;Полная занятость;Опыт от 5-ти лет;true
Системный администратор;90000;Компания ищет системного администратора для обеспечения бесперебойной работы компьютерной сети.;Опыт работы от 3 лет, знание ОС Windows и Linux, знание сетевых протоколов;Полная занятость;Опыт от 3-х лет;false
Разработчик Python;120000;Компания ищет разработчика Python для разработки программного обеспечения.;Опыт работы от 3 лет;Полная занятость;Опыт от 3-х лет;true
Системный администратор;90000;Требуется системный администратор в крупную IT-компанию.;Опыт работы от 2 лет.;Полная занятость;Опыт от 2-х лет;true
Финансовый аналитик;150000;Ищем финансового аналитика в банковскую организацию.;Наличие опыта работы на аналогичной должности.;Полная занятость;Опыт от 2-х лет;true
Контент-менеджер;70000;Компания требует контент-менеджера на удаленную работу.;Опыт работы не менее 1 года в сфере маркетинга.;Удаленная работа;Опыт от 1-го года;true
Адвокат;200000;Ищем адвоката с опытом ведения судебных дел.;Опыт работы от 5 лет.;Полная занятость;Опыт от 5-ти лет;true
Backend разработчик;150000;Компания ищет Backend разработчика для создания и поддержки веб-приложений;Знание языков программирования (Python, Ruby, Java), опыт работы с базами данных;Полный рабочий день;Опыт от 2-х лет;true
IT-специалист по сетям;80000;Компания ищет IT-специалиста по сетям для поддержки и обслуживания сетевых устройств;Знание протоколов TCP/IP, опыт работы с сетевым оборудованием;Гибкий график;Опыт от 1-го года;true
Маркетолог;100000;Компания ищет маркетолога для продвижения продукции на рынке;Знание принципов маркетинга, опыт работы в рекламных агентствах;Полный рабочий день;Опыт от 3-х лет;true
Администратор баз данных;120000;Компания ищет администратора баз данных для поддержки и обслуживания баз данных;Знание SQL, опыт работы с СУБД (MySQL, PostgreSQL, Oracle);Полный рабочий день;Опыт от 2-х лет;true
Главный бухгалтер;200000;Компания ищет главного бухгалтера для ведения бухгалтерского учета;Знание бухгалтерского учета и законодательства, опыт ведения бухгалтерии в крупной компании;Полный рабочий день;Опыт от 5-ти лет;true
Администратор баз данных;120000;Требуется опытный администратор баз данных для работы в крупной IT-компании;Опыт работы от 3 лет, знание SQL и NoSQL баз данных, опыт работы с Hadoop и Spark;Полная занятость;Опыт от 3-х лет;false
Разработчик игр на Unity;90000;Игровая студия ищет опытного разработчика игр на Unity;Опыт работы от 2 лет, знание C# и Unity, опыт работы с мобильными играми;Полная занятость;Опыт от 2-х лет;false
Контент-менеджер;45000;Интернет-магазин ищет контент-менеджера для наполнения сайта информацией;Опыт работы не требуется, знание русского языка и грамотность, знание HTML и CSS;Частичная занятость;Без опыта;false
IT-специалист по безопасности;150000;Крупная компания ищет IT-специалиста по безопасности для работы в отделе информационной безопасности;Опыт работы от 5 лет, знание сетевых протоколов и технологий, знание методов обнаружения и ликвидации уязвимостей;Полная занятость;Опыт от 5-ти лет;false
Дизайнер интерьера;80000;Дизайнерская студия ищет дизайнера интерьера для работы над проектами по дизайну жилых и коммерческих помещений;Опыт работы от 3 лет, знание программ 3D-моделирования и дизайна интерьеров;Полная занятость;Опыт от 3-х лет;false
Старший разработчик Python;200000;Крупная IT-компания ищет опытного Python-разработчика для работы над проектами в сфере машинного обучения. Ваша задача будет заключаться в разработке и сопровождении масштабных проектов.;Опыт работы с Python не менее 3 лет- Знание основ машинного обучения- Опыт работы в команде- Английский язык - Intermediate и выше;Полная занятость;Опыт от 3-х лет;true
Web-дизайнер;60000;Компания ABCD ищет Web-дизайнера со знанием Sketch и опытом работы не менее 1 года;Опыт работы не менее 1 года, знание Sketch;Полная занятость;Опыт от 1-го года;true
HR-менеджер;60000;Компания 123 ищет HR-менеджера со знанием английского языка для работы с персоналом;Знание английского языка, опыт работы от 2 лет;Полная занятость;Опыт от 2-х лет;false
Менеджер по продажам;50000;Интернет-магазин продуктов питания ищет Менеджера по продажам для работы в офисе;Опыт работы от 1 года, знание английского языка;Полная занятость;Опыт от 1-го года;true
Администратор баз данных;90000;Компания XYZ ищет Администратора баз данных с знанием PostgreSQL и опытом работы не менее 3 лет;Опыт работы не менее 3 лет, знание PostgreSQL;Полная занятость;Опыт от 3-х лет;true
Python Developer;120000;Компания ABC ищет Python Developer со знанием Django и опытом работы не менее 2 лет;Опыт работы не менее 2 лет;Полная занятость;Опыт от 2-х лет;true
Web-разработчик;70000;Ищем веб-разработчика для разработки и поддержки сайтов на платформе WordPress;Опыт работы с WordPress, HTML, CSS, JavaScript, знание PHP будет плюсом;Полная занятость;Опыт от 1-го года;true
Менеджер по продажам;50000;Компания ищет активного менеджера по продажам;Опыт работы в продажах, коммуникабельность, умение работать в команде;Полная занятость;Опыт от 1-го года;true
Администратор баз данных;80000;Ищем опытного администратора баз данных для поддержки инфраструктуры нашей компании;Опыт работы с SQL Server, знание языка SQL, умение настраивать и обслуживать сервера;Полная занятость;Опыт от 3-х лет;true
Дизайнер интерфейсов;60000;Ищем дизайнера интерфейсов для разработки и поддержки пользовательских интерфейсов нашего продукта;Опыт работы с Adobe Photoshop, Adobe Illustrator, знание принципов дизайна интерфейсов;Полная занятость;Опыт от 2-х лет;false
Маркетолог;45000;Компания ищет маркетолога для разработки и реализации маркетинговых стратегий;Опыт работы в маркетинге, знание теории маркетинга, умение анализировать рынок;Частичная занятость;Без опыта;true
Аналитик данных;100000;Компания ищет опытного аналитика данных для работы над масштабными проектами. Наша команда занимается разработкой и внедрением интеллектуальных систем управления и анализа данных.;опыт работы с SQL, Python, R;Полная занятость;Опыт от 2-х лет;true
Веб-разработчик;80000;Крупная IT-компания приглашает на работу веб-разработчика. Основная задача - разработка и поддержка сайтов и веб-приложений.;знание HTML, CSS, JavaScript, опыт работы с CMS;Полная занятость;Опыт от 1-го года;true
Финансовый аналитик;120000;Мы ищем опытного финансового аналитика для работы с финансовыми отчетами и анализом данных. Кандидат должен обладать знаниями в области бухгалтерского учета и налогообложения.;опыт работы с Excel, знание бухгалтерского учета и налогообложения;Полная занятость;Опыт от 3-х лет;true
Специалист по маркетингу;50000;Требуется специалист по маркетингу с опытом работы не менее 3-х лет для разработки маркетинговых стратегий и проведения маркетинговых исследований. Компания предлагает конкурентную заработную плату и карьерный рост.;Высшее образование в области маркетинга, опыт работы не менее 3-х лет, знание английского языка на уровне Intermediate.;Полная занятость;Опыт от 3-х лет;true
Системный администратор;80000;Компания ABC ищет опытного системного администратора. Нужен человек, который сможет поддерживать и управлять нашими серверами.;Опыт работы в системном администрировании не менее 3 лет, знание Linux, Windows, опыт работы с облачными сервисами;Полная занятость;Опыт от 3-х лет;true
Менеджер по продажам;100000;Компания XYZ ищет менеджера по продажам для работы на полную ставку.;Опыт работы не требуется, но приветствуется, знание английского языка, навыки коммуникации, умение работать с клиентами;Полная занятость;Без опыта;true
Разработчик Python;120000;Компания QWE ищет опытного разработчика на Python.;Опыт работы от 2 лет, знание Python, опыт работы с Django, Flask, PostgreSQL, Git;Полная занятость;Опыт от 2-х лет;true
Аналитик данных;90000;Компания EFG ищет аналитика данных.;Опыт работы от 1 года, знание Python, SQL, опыт работы с Power BI, Tableau, Excel;Полная занятость;Опыт от 1-го года;true
Работник склада;50000;Компания ZXC ищет работника склада.;Опыт работы не требуется, готовность к физической работе;Частичная занятость;Без опыта;true
Программист;150000;Разработка программного обеспечения для веб-сервисов;Высшее образование в области информационных технологий, знание языков программирования;Полная занятость;Опыт от 3-х лет;true
Менеджер по продажам;80000;Продажа услуг телекоммуникационной компании;Высшее образование, опыт продаж от 1 года;Частичная занятость;Опыт от 1-го года;true
Администратор;50000;Организация работы офиса, прием звонков, работа с документами;Высшее/среднее образование, уверенный пользователь ПК;Полная занятость;Без опыта;true
Мастер на все руки;35000;Ремонт и обслуживание зданий и сооружений;Наличие соответствующих навыков и опыта работы;Полная занятость;Опыт от 1-го года;false
Фитнес-тренер;60000;Проведение занятий по фитнесу;Образование в области физкультуры и спорта, наличие тренерской лицензии;Частичная занятость;Опыт от 1-го года;true
Программист Java;120000;Требуется опытный программист Java для разработки...;Опыт работы от 2-х лет, знание Java, Spring Framework;Полная занятость;Опыт от 2-х лет;true
Менеджер по продажам;80000;Компания в сфере продаж ищет менеджера по продажам...;Опыт работы не требуется, готовность работать на результат;Частичная занятость;Без опыта;true
Администратор баз данных;150000;Требуется администратор баз данных с опытом работы...;Опыт работы от 3-х лет, знание SQL, Linux;Полная занятость;Опыт от 3-х лет;true
Продавец-консультант;60000;Требуется продавец-консультант в магазин бытовой техники;Опыт работы не требуется, коммуникабельность, ответственность;Полная занятость;Без опыта;false
HR-менеджер;100000;Компания ищет HR-менеджера для ведения кадрового делопроизводства;Опыт работы от 2-х лет, знание трудового законодательства;Полная занятость;Опыт от 2-х лет;true
Системный администратор;120000;Требуется системный администратор с опытом работы...;Опыт работы от 3-х лет, знание Linux, Python, Git;Полная занятость;Опыт от 3-х лет;true
Специалист технической поддержки;50000;Компания IT-услуг ищет специалиста технической поддержки для работы с клиентами;"Высшее техническое образование; опыт работы от 1 года";Полная занятость;Опыт от 1-го года;true
Разработчик Python;120000;Крупная IT-компания приглашает в команду разработчика Python;"Опыт работы от 2-х лет в разработке ПО; знание Python; знание основных алгоритмов и структур данных";Удаленная работа;Опыт от 2-х лет;true
Аналитик данных;80000;Компания, занимающаяся аналитикой данных, приглашает аналитика для обработки и анализа данных;"Высшее техническое или математическое образование; опыт работы от 1 года в анализе данных; знание Python, SQL";Полная занятость;Опыт от 1-го года;true
Специалист по информационной безопасности;150000;Компания, занимающаяся информационной безопасностью, ищет специалиста для работы с клиентами;"Высшее техническое образование; опыт работы от 3 лет в области ИБ; знание ПК и программного обеспечения; знание законодательства в области ИБ";Полная занятость;Опыт от 3-х лет;true
Frontend-разработчик;90000;Компания-разработчик ПО ищет frontend-разработчика для создания интерфейсов пользовательских приложений;"Опыт работы от 2-х лет в разработке интерфейсов; знание HTML, CSS, JavaScript; знание React, Angular или VueJS";Полная занятость;Опыт от 2-х лет;true
Python разработчик;150000;Компания ищет Python разработчика для работы над проектами в области машинного обучения и искусственного интеллекта;Опыт работы с Python, знание алгоритмов машинного обучения и библиотеки Scikit-learn;Полная занятость;Опыт от 2-х лет;true
Аналитик данных;120000;Вакансия для аналитика данных в компанию, занимающуюся анализом данных и маркетинговыми исследованиями;Знание SQL, Python, математической статистики и анализа данных;Частичная занятость;Без опыта;true
Инженер-программист C++;180000;Ведущая IT-компания приглашает на работу инженера-программиста C++, работа над проектами в области автоматизации;Знание языка программирования C++, опыт работы в области автоматизации и контроля качества ПО;Полная занятость;Опыт от 3-х лет;true
Frontend разработчик;130000;Компания ищет Frontend разработчика для работы над веб-приложениями;Опыт работы с JavaScript, React, Redux и знание HTML/CSS;Удаленная работа;Опыт от 1-го года;true
DevOps инженер;160000;IT-компания ищет DevOps инженера для работы над автоматизацией процессов развертывания и мониторинга;Опыт работы с Docker, Kubernetes, Jenkins и знание языков программирования Python/Bash;Полная занятость;Опыт от 2-х лет;true
Специалист по информационной безопасности;200000;Крупная IT-компания ищет специалиста по информационной безопасности для разработки и реализации мер по защите данных;Опыт работы с различными системами безопасности, знание языков программирования, понимание стандартов безопасности;Полная занятость;Опыт от 3-х лет;true
Python разработчик;180000;Компания, специализирующаяся на разработке программного обеспечения, ищет Python разработчика;Опыт работы с Python, знание алгоритмов и структур данных;Удаленная работа;Опыт от 2-х лет;true
QA инженер;150000;IT-компания ищет QA инженера для тестирования программного обеспечения;Опыт работы с Selenium, Jira, знание тестовой документации;Полная занятость;Опыт от 1-го года;true
Программист Java;250000;Крупная IT-компания ищет программиста Java для разработки бэкэнда;Опыт работы с Java, знание SQL, понимание принципов ООП;Полная занятость;Опыт от 3-х лет;true
Администратор баз данных;170000;IT-компания ищет администратора баз данных для поддержки и оптимизации системы хранения данных;Опыт работы с Oracle, SQL Server, знание языков программирования;Полная занятость;Опыт от 2-х лет;true
Младший разработчик Python;60000;Компания ищет младшего разработчика Python для работы в молодом и дружном коллективе. Опыт работы не обязателен, но желателен.;Знание Python на уровне синтаксиса, базовое понимание Django и Flask.;Частичная занятость;Без опыта;true
Технический писатель;70000;Ищем технического писателя для написания документации к нашим продуктам.;Опыт написания технической документации, знание инструментов для создания и редактирования документации.;Частичная занятость;Опыт от 1-го года;true
Разработчик C# (Middle);160000;Компания успешно ведёт свою деятельность с 2016 года в дорожной отрасли. За это время зарекомендовали себя как надежный исполнитель государственных контрактов различного уровня. КОМПАНИЯ предоставляет право на получение отсрочки от призыва на военную службу по мобилизации.;"Требования: Уверенные знания C#; Знание ASP.NET Core; Знание SQL, опыт работы с MSSQL, PostgreSQL; Entity Framework Core; Понимание ООП; Знать и применять на практике шаблоны проектирования; Опыт разработки REST API; Опыт работы с GIT.";Полная занятость;Опыт от 1-го года;true
Разработчик .Net (C#) (удаленно);100000;"Группа компаний CDC (Центр Корпоративных разработок) – является ведущим разработчиком и интегратором на рынке автоматизации бизнес-процессов с применением мобильных устройств и платформ «интернета вещей» в различных отраслях экономики и сфер бизнеса. Наши клиенты-– крупнейшие компании-лидеры в области FMCG, банковской сфере, энергетике, транспорта, логистики, телеком. В настоящее время компания расширяет отдел разработки ПО и приглашает специалистов принять участие в конкурсе на замещение вакансии ""Разработчик .Net (C#)"".";"Требования: Уверенные знания C# 5+; Понимание принципов ООП; Приветствуется: Опыт разработки WinForms-приложений; Пожалуйста, указывайте в резюме свои финансовые ожидания.";Полная занятость;Опыт от 3-х лет;true
Программист С# (middle);100000;Эйдос более 10 лет производит высокотехнологичные медицинские симуляторы под брендом MedVision. Компания имеет госаккредитацию ИТ-компании, активно развивается, поставляет продукцию в крупные медицинские научно-исследовательские центры в России и за рубежом.;Требования: - C# + .NET 4.7 с опытом разработки не менее 2 лет - ООП - уверенное владение. - Опыт разработки desktop приложений (Windows). - Многопоточные приложения - уверенное владение.  - WPF - уверенное владение  - знание MVVM, понимание принципов SOLID, DI  Будет плюсом: WinForms, Unity, Prism;Полная занятость;Опыт от 1-го года;true
Инженер-программист;60000;"Акционерное общество ""Казанский электротехнический завод"" - одно из основных российских производителей корабельной и наземной радиоэлектронной аппаратуры системы опознавания, которая предназначена для нужд вооруженных сил страны. На сегодняшний день КЭТЗ - это сплоченный коллектив, в рядах которого свыше тысячи профессиональных инженерно-технических специалистов.";"Мы ожидаем, что Вы: знаете языки программирования с# (WinForms, c#.NET, vb, sql (MSSQL, MySql); умеете писать чистый код и разбираться в чужом коде; понимаете эффективные алгоритмы и структуры данных; знаете принципы ООП; приветствуется опыт работы с git.";Полная занятость;Без опыта;true
MIDDLE FULLSTACK РАЗРАБОТЧИК;100000;Компания BUZZOLLS (сеть ресторанов японской кухни) - крупнейшая региональная сеть, на рынке с 2015 года приглашает в команду MIDDLE FULLSTACK РАЗРАБОТЧИКА. Мы активно внедряем качественную кухню в доставку в японском сегменте. А наша собственная информационная система — Buzzolls IT делает так, чтобы наш сервис был лучшим! Мы автоматизировали все бизнес-процессы компании: от оформления до доставки заказа, от трекинга кухни до формирования графика возможностей сотрудников. Это оплата онлайн, интеграция с кассовым оборудованием, автоматизация выдачи заказов курьерам, клиентский сайт и приложения.;"Какие опыт и знания необходимы: отличные знания C#, .NET 6 (Web API, MVC потребуется работать и над API (API для приложений клиентов, API курьеров, публичное API) и над MVC приложениями такими как backoffice); уверенные знания PostgreSQL (нам важно чтобы кандидат знал что такое консистентность данных, уровни изоляции и какие они бывают, как работают транзакции, профилирование и оптимизация запросов); AngularJS, React + TypeScript (legacy часть клиента написана на AngularJS, новые части системы мы пишем на React + TypeScript); GitLab (используем как репозиторий, в планах перевезти туда CI/CD из TeamCity); знание и понимание принципов ООП";Полная занятость;Опыт от 3-х лет;true
C# (.NET) developer middle;90000;Как разработчик в ЗАО «Витакор» вы будете работать под руководством опытных, высококвалифицированных коллег с широким спектром технологий. В Ваши обязанности будет входить изучение медицинской документации, построение бизнес логики, реализация структуры базы данных и пользовательского интерфейса. Изучение, доработка и применение на практике возможностей «ядра» системы. В основе своих решений мы используем платформу .Net. Наша команда разработала и поддерживает собственный VitaCore Framework который позволяет легко разрабатывать качественные продукты для наших клиентов. Мы заинтересованы в привлечении целеустремленных и готовых к профессиональному развитию сотрудников.;"Требования: Уверенное знание основ ООП, C#; Опыт программирования под .Net от трех лет и более; Знание XML-технологий; Умение писать понятный, эффективный и безопасный код; Знания о реляционных СУБД, создание баз данных и запросов; Опыт работы с системами контроля версий (Git, TFS); Быстрое отслеживание, выявление и исправление ошибок в сложных системах; Умение работать в коллективе; Стремление профессионально развиваться; Инициативность, креативность, коммуникабельность; Умение быстро переключатся между проектами.";Полная занятость;Опыт от 3-х лет;true
Программист C# Middle, Middle+ (Senior);120000;Мы реализуем высокотехнологичный MedTech-проект по созданию роботизированного комплекса для проведения ультразвуковых исследований. Приглашаем разработчика в нашу дружную, амбициозную команду.;Наши ожидания: Знание принципов асинхронного программирования Уверенное владение языком C# 8+ и платформой .NET 5+, с опытом разработки не менее 3 лет Владение языком SQL, знание принципов проектирования баз данных Знание архитектуры клиент-серверных приложений Знание современных паттернов архитектуры приложения (Clean, MVVM и др.). Понимание принципов SOLID Опыт работы с портами ввода-вывода Опыт работы с библиотекой OpenCV Опыт работы в области программирования микроконтроллеров и знания стандартов DICOM и протокола HL7 (приветствуется) Знание английского языка (на уровне чтения документации);Полная занятость;Опыт от 3-х лет;true
Разработчик C# (Middle);160000;Компания успешно ведёт свою деятельность с 2016 года в дорожной отрасли. За это время зарекомендовали себя как надежный исполнитель государственных контрактов различного уровня. КОМПАНИЯ предоставляет право на получение отсрочки от призыва на военную службу по мобилизации.;"Требования: Уверенные знания C#; Знание ASP.NET Core; Знание SQL, опыт работы с MSSQL, PostgreSQL; Entity Framework Core; Понимание ООП; Знать и применять на практике шаблоны проектирования; Опыт разработки REST API; Опыт работы с GIT.";Полная занятость;Опыт от 1-го года;true
Стажер-разработчик;30000;В ГК «Миррико» требуется стажер-аналитик в IT отдел с возможностью последующего трудоустройства в компанию.;Требования: Также Студенты 3-4 курса технического или экономического ВУЗа, имеющие возможность стажироваться не менее 20 часов в неделю Желание развиваться в области IT-технологий и разбираться в новых системах Грамотная речь, ответственность и умения работать в команде Уверенный пользователь Word, Excel, Visio, понимание общих процессов разработки приветствуется;Стажировка;Без опыта;true
Разработчик C# (Senior);220000;Компания успешно ведёт свою деятельность с 2016 года. За это время мы зарекомендовали себя как надежный исполнитель государственных контрактов различного уровня. КОМПАНИЯ предоставляет право на получение отсрочки от призыва на военную службу по мобилизации.;Мы ожидаем: Опытного разработчика, повидавшего много кода, набившего много шишек и сумевшего сделать из этого правильные выводы Опыт работы – не менее 3 лет Уверенное знание современного языка C# и представление, как работает та или иная часть платформы .NET Понимание, как работают реляционные базы данных с точки зрения программиста и что от них ждать. Знание SQL (MSSQL), опыт работы с PostgreSQL Entity Framework Core Отличные знания ООП Знание, как применять на практике шаблоны разработки Опыт разработки web-сервисов Уверенную работу с GIT Опыт работы с NoSQL базами данных Умение писать юнит-тесты Знание, как писать код эффективно, просто и понятно;Полная занятость;Опыт от 3-х лет;true
Ведущий разработчик (Middle);160000;КОМПАНИЯ предоставляет право на получение отсрочки от призыва на военную службу по мобилизации.;Мы ожидаем: • Уверенные знания C# • Знание ASP.NET Core • Знание SQL, опыт работы с MSSQL, PostgreSQL • Entity Framework Core • Понимание ООП • Знать и применять на практике шаблоны проектирования • Опыт разработки REST API • Опыт работы с GIT Будет плюсом, но не обязательно: • Опыт работы с NoSQL базами данных • Знание JavaScript;Полная занятость;Опыт от 1-го года;true
Программист с# (middle);20000;КОМПАНИЯ предоставляет право на получение отсрочки от призыва на военную службу по мобилизации.;Требования: Знания Git  Уверенные знания C# Знание ASP.NET Core;Полная занятость;Опыт от 3-х лет;false
Программист встраиваемых систем;200000;"РАБОТА В ОЭЗ «АЛАБУГА» — ЭТО: — СТРАТЕГИЧЕСКИЕ ЗАДАЧИ МИРОВОГО УРОВНЯ; — ТРЕБОВАНИЯ К ПЕРСОНАЛУ МИРОВОГО УРОВНЯ; — ВОЗНАГРАЖДЕНИЕ ЗА РЕЗУЛЬТАТ МИРОВОГО УРОВНЯ.";"ТРЕБОВАНИЯ: Высшее образование (Радиотехника); Знание цифровой обработки сигналов; Умение работать с Matlab, Code Composer Studio (CCS), Simulink.";Полная занятость;Опыт от 3-х лет;true
Web-программист;60000;Привет, мы MyHeat! Основное направления деятельности нашей компании - производство электротехнического оборудования и разработка ПО (программного обеспечения) для автоматизации систем отопления на Российском и Европейском рынках.;"Что нужно для успеха: Кросс-браузерная адаптивная верстка HTML, CSS Хорошее знание JavaScript, jQuery Быть знакомым с Bootstrap и его компонентами Опыт работы со сборщиками Grunt, Webpack Умение пользоваться Git;";Полная занятость;Опыт от 3-х лет;true
Программист микроконтроллеров;70000;Привет, мы MyHeat! Основное направления деятельности нашей компании - производство электротехнического оборудования и разработка ПО (программного обеспечения) для автоматизации систем отопления на Российском и Европейском рынках.  Сейчас мы набираем в команду разработчиков, которые вместе с нами будут работать над развитием проекта. Мы ищем амбициозного разработчика с хорошим знанием С/С++, опытом разработки ПО для микроконтроллеров и интересом в области создания новых продуктов.;"Какие требуются знания: Уверенное знание C/C++; Опыт разработки под один или несколько микроконтроллеров: STM32 (желателен опыт работы с HAL), ESP32, микроконтроллеры TI (CC1310); Умение пользоваться Git; Будет полезен опыт работы с Platformio.";Полная занятость;Опыт от 3-х лет;true
Стажер-программист 1С;25000;ПЕРВЫЙ БИТ — АККРЕДИТОВАННАЯ IT-КОМПАНИЯ, более 25 лет мы занимаемся автоматизацией бизнеса любого масштаба, интегрируем в него цифровые решения.;"МЫ ЖДЕТ ,ЧТО ТЫ: ﻿﻿Хочешь стартовать в сфере IT без практического опыта; Ты имеешь профильное образование; ﻿﻿Твоя цель - расти как профессионал, для этого ты готов каждый день инвестировать в свое развитие; ﻿﻿Тебе интересно помогать людям автоматизировать и оптимизировать их бизнес; ﻿﻿Ты коммуникабелен и не боишься сложных задач; ﻿﻿Ты хочешь работать в большой многопрофильной компании; Ты закончил профильное обучение и полностью открыт к работе.";Стажировка;Без опыта;true
Программист микроконтроллеров С/С++;90000;"Компания ""ИНТЕГРАЛ ПЛЮС"" является производителем и разработчиком упаковочного оборудования. Работаем и с малым бизнесом, и с крупными клиентами - Leroy Merlin, Балтика и др. Компания работает более 35 лет, производство находится в Казани. Полный цикл от производства металлопроката до доставки и обучения использованию оборудования.";Требования: Опыт программирования на языках С/С++ для микроконтроллеров Знание архитектуры и принципа работы микроконтроллеров Умение тестировать собственноручно написанный код и прошивку;Полная занятость;Опыт от 1-го года;true
Программист PHP, JS;60000;Аккредитованная IT-компания расширяет штат программистов.;Требования к Кандидатам: Опыт разработки в коммерческих проектах от 6 мес. Уверенные навыки PHP, Laravel, JavaScript, HTML, CSS, SSH, Git.;Полная занятость;Опыт от 1-го года;true
Программист Delphi;200000;Мы — компания интергратор Системные технологии, занимаемся разработкой и адаптацией систем защиты информации для крупных и средних компаний. Наши заказчики — банки, ритейл, ИТ, госучреждения, производство и др. Мы много лет и с удовольствием занимаемся технологиями поиска по неструктурированным данным: решаем проблему структуризации, индексации и классификации больших массивов данных в IT-инфраструктуре компании. Команда состоит из профессионалов, с классным бэкграундом в крупнейших ИТ-проектах страны, у которых есть чему поучиться. Мы «за» развитие в профессии – поэтому рады, когда сотрудники стремятся обучаться, посещать профильные конференции или делиться опытом в докладах. Мы любим проводить время вместе не только работая: есть клубы по интересам – футбол, настольный теннис. Мы ищем в команду заинтересованного и увлеченного работой кандидата, готового разбираться в новом, оптимизировать уже сделанное, развиваться самому и развивать доверенное ему направление.;"Что ожидаем от кандидата: Опыт разработки коммерческого ПО на Delphi не менее 5 лет; Уверенное знание технологий ООП; Опыт использования систем контроля версий (Git); Опыт разработки многопоточных приложений; Опыт работы и проектирования реляционных баз данных; Опыт командной работы в «долгоиграющих» проектах; Опыт проектирования и разработки пользовательских интерфейсов.";Полная занятость;Опыт от 3-х лет;true
Программист PHP;50000;Наша компания «АртКлён» является ведущей компанией в разработке интернет проектов, crm систем, формировании комплексных рекламных компаний в интернете. Перечень наших услуг - разработка интернет магазинов, порталов, систем управления персоналом, seo услуги, таргетированная реклама в интернете, автоматизация бизнес процессов, формирование стратегий рекламных компаний . Мы не стоим на месте и постоянно развиваемся, и, в связи с этим, нам в команду требуется PHP-программист, компетентный нашему направлению деятельности.;Требования: Опыт разработки сайтов на PHP+MySQL. Понимание принципов MVC. Знание PHP 5.6+, умение быстро находить информацию. Знание HTML+CSS, опыт в вёрстке, в том числе адаптивной. Знание Javascript в целом, опыт работы с jQuery и его плагинами.;Полная занятость;Опыт от 3-х лет;true
Frontender (Верстка сайта) (удаленно попроектно);50000;Интернет-агентство «Акцент на результат» специализируется на разработке и реализации комплексных стратегий продвижения в интернете. На данный момент в агентстве работает 15 специалистов, офис находится в Казани, а работаем мы по всей России.;"Необходимые знания: HTML + CSS + JS pug - HTML шаблонизатор scss - препроцессор CSS webpack - сборщик TypeScript ReactJS, VueJS (будет плюсом знание NextJS и NuxtJS); Понимание принципов адаптивной, кроссбраузерной верстки; Опыт работы с git; Опыт работы со Swagger; Умение работать в команде с бэкендерами.";Проектная работа;Опыт от 1-го года;true
Программист-разработчик систем САУ;200000;"Компания Альбатрос занимается проектированием и производством беспилотных летательных аппаратов, а так же разработкой программного обеспечения для них. В связи с расширением штата мы ищем себе в команду программиста-разработчика систем автоматического управления и микроконтроллеров. Рассматриваются только кандидаты готовые к релокации в район Особой Экономической Зоны ""Алабуга""";"Требования: Уверенное владение C; Опыт работы со стеком разработки под ardupilot/px4 Опыт программирования С++ на уровне знания синтаксиса и основных структур данных; Опыт работы с git; Умение работать с семейством ОСей Linux; Знания хотя бы в одной из областей: теория вероятностей, дискретная и непрерывная; оптимизация, машинное обучение, глубинное обучение, теория оптимального управления;";Полная занятость;Опыт от 1-го года;true
Программист 1 С в единственном лице;100000;"Компания ""Тритон Трейд"", вот уже более 12 лет стабильно развивается в сфере оптовой продажи нефтепродуктов. Со стабильным развитием продаж увеличивается потребность автоматизации всех бизнес процессов, именно поэтому мы в поисках своего Программиста 1С в штат";"Требования: Знание СКД Умение писать сложные запросы приветствуется Опыт работы с управляемыми формами, с конфигурацией ""Комплексная автоматизация ред. 2.4"", с конфигурацией ""Бухгалтерия предприятия ред. 3.0"" желательно. Желателен опыт работы с конфигурацией ""Транспортная логистика, экспедирование и управление автотранспортом"". Приветствуется знание КД (конвертации данных) Умение читать ""чужой"" код.";Полная занятость;Опыт от 3-х лет;true
Программист 1С;120000;"Компания ""Грузовая механика"" - является одним из лидеров на рынке грузоподъемного и складского оборудования в России. В настоящее время филиалы компании работают в 8 городах России (от Москвы до Хабаровска). Головной офис находится в г. Красноярск.";Требования: - Опыт разработки на платформе 1С 8 (обычные и управляемые формы) - Опыт разработки отчетов на построителе и СКД. - Умение доброжелательно общаться с пользователями и желание содействовать оптимизации их работы. - Творческий подход к решению задач. Стремление самостоятельно разбираться в бизнес-процессах и предлагать пользователям удобные варианты решения поставленных задач. - Наличие сертификатов по 1С приветствуется.;Полная занятость;Опыт от 3-х лет;true
Программист 1С;90000;"Компания ""Мегабайт"" - успешно развивающаяся IT-компания, основана в 2012 году. Основным профилем деятельности является автоматизация бизнес-процессов бухгалтерского и финансового учета, административного учета и документооборота, расчета и управления персоналом на базе продуктов 1С в различных сферах деятельности. Нашими клиентами являются отели, крупные оптовые торговые компании. Работая у нас, Вы приобретете и разовьете навыки программирования в команде, практический опыт написания тестов, работы с автоматизированной системой проверки кода. Наши сотрудники регулярно проходят бесплатное обучение по продуктам 1С и получают сертификаты 1С. В нашей компании ценится время сотрудников и поэтому мы работает 8 часовой рабочий день 5 дней в неделю.";"Мы ждем Вас в нашу команду если: У Вас есть опыт поддержки(администрирование, развертывание, настройка) информационных систем 1С; Вы обладаете опытом проектирования и реализации новой функциональности, интеграции с типовым решением; Вы знаете основные механизмы платформы(СКД, конвертация данных) и язык запросов; Вы умеете разбираться в чужом коде; Обладаете опытом работы с конфигурациями БП 3.0, УНФ, УТ и КА.";Полная занятость;Опыт от 1-го года;true
Программист 1C;170000;В аккредитованную IT компанию (партнер Автосеть.рф), в команду разработки требуется Программист 1С.;"Чего мы ждем от тебя: Хорошее знание: 1С v8.3 конфигураций УПП, УТ, БП,ЗУП, Альфа Авто; Навыки создания сложных отчетов в СКД; Опыт автоматизации процессов; Опыт интеграции с другими приложениями будет плюсом (REST,SOAP, ComConnection); Навыки оптимизации производительности; Ответственность, пунктуальность, умение работать в команде, готовность обучаться и узнавать новое.";Полная занятость;Опыт от 1-го года;true
Программист 1С (удаленно);150000;CORS Consulting является официальным партнером фирмы «1С» и оказывает услуги по продаже, внедрению и сопровождению автоматизированных систем на базе программных продуктов «1С:Предприятие». Мы являемся аккредитованной в Минцифре IT компанией.;"Требования: Наличие высшего образования приветствуется Знание внутреннего языка «1С:Предприятие» 8 на уровне квалифицированного разработчика; Знание основных конфигураций 1С (знание конфигураций БП‚ УТ‚ УХ, УПП, ERP будет преимуществом); Наличие сертификатов 1С будет значительным преимуществом; Умение выявлять требования заказчика по доработкам; Любовь и терпеливое отношение к людям и умение работать с пользователями.";Полная занятость;Опыт от 3-х лет;true
Программист 1С;200000;Создаем IT-решения для ведущих компаний почти всего спектра российской экономики. Набираем команду лучших. Если ты реально крут, ищешь там, где всегда интересно и где развитие, тебе точно к нам.;"Чего мы ждем от тебя: опыт внедрения, поддержки и доработки информационных баз (систем) на базе 1С ERP; разработка интеграции систем на платформе 1С между собой и с внешними системами; работа с конфигурациями : ERP/УТ; работа с СКД.";Полная занятость;Опыт от 1-го года;true
Android разработчик;100000;Привет, мы MyHeat! Основное направления деятельности нашей компании - производство электротехнического оборудования и разработка ПО (программного обеспечения) для автоматизации систем отопления на Российском и Европейском рынках. Сейчас мы набираем в команду разработчиков, которые вместе с нами будут работать над развитием проекта. Мы ищем программиста с опытом разработки под Android и интересом в области создания новых продуктов.;"Какие требуются знания: Уверенное знание Kotlin; Опыт разработки под Android; Умение пользоваться Git; Умение работы в команде.";Полная занятость;Опыт от 3-х лет;true
Ведущий программист 1С Битрикс 24;150000;"Компания «Икс-Игрек-Зет Автоматизация Входит в 10 крупнейших франчайзи 1С в Татарстане. Мы аккредитованная ИТ компания со всеми льготами. Наши проекты были признаны победителями конкурса 1С Проект года для отраслей ""Нефтяная и газовая промышленность"" и ""Здравоохранение"". Наши клиенты — это холдинги, корпорации, федеральные сети.";Рассматриваем специалиста в штат по выполнению проектов на базе 1С Битрикс 24, которые будут интегрироваться с различными конфигурациями 1С.;Полная занятость;Опыт от 3-х лет;true
Программист 1С;70000;В IT команду требуется программист 1С с опытом поддержки нетиповых решений.;"Условия: Заработная плата по результатам собеседования; Работа в крупной, динамично развивающейся компании с перспективами карьерного и профессионального роста; Работа в молодой сплочённой команде амбициозных профессионалов; Работа в офисе, график работы 5/2. УДАЛЕННЫХ НЕ РАССМАТРИВАЕМ";Полная занятость;Опыт от 1-го года;true
Инженер-программист 1С;230000;"РАБОТА В ОЭЗ «АЛАБУГА» — ЭТО: — СТРАТЕГИЧЕСКИЕ ЗАДАЧИ МИРОВОГО УРОВНЯ; — ТРЕБОВАНИЯ К ПЕРСОНАЛУ МИРОВОГО УРОВНЯ; — ВОЗНАГРАЖДЕНИЕ ЗА РЕЗУЛЬТАТ МИРОВОГО УРОВНЯ.";"ТРЕБОВАНИЯ: Высшее техническое образование в сфере IT; Наличие сертификатов профессионала, специалиста по платформе 1С, по конфигурации 1С ERP; Стаж работы от 5 лет; Опыт работы на проектах внедрения либо выполнения задач по сопровождению 1C ERP в компаниях строительной и/или сферы промышленного производства на должности программиста 1С; Опыт интеграции 1С ERP c другими информационными системами.";Полная занятость;Опыт от 6-ти лет;true
Ведущий программист NET. Core, C#;150000;Мы - ShafunSoft, занимаемся аутсорсом в сфере IT разработки более 8 лет, разрабатываем преимущественно проекты, связанные с криптовалютой. Наши заказчики расположены в разных странах мира, но преимущественно Россия, Европа, Америка.;Требования: Знание .Net Frameworks / .Net Core / C# WinForms / WPF / ASP.Net Core (MVC) Опыт работы с реляционными базами данных (MS SQL) Приветствуется знание одного из фронтенд фреймворков: Blazor, Angular, React, VueJs Личные качества: инициатива, ответственность, самообразование, стремление к достижению наилучшего результата;Полная занятость;Опыт от 3-х лет;true
Программист 1С;80000;"Мы молодая IT компания ""ИнтеграС"", занимаемся разработкой ПО на 1С для транспортно-экспедиционных компаний.";"Для этого нужно: Иметь высшее профильное образование; Опыт разработки нетиповых конфигураций; Желательно знание конфигурации УАТ 3.0, БП 3.0, ЗУП 3; Проявлять способность выполнять задание в заранее оговоренные сроки и нести ответственность за качество выполненной работы; Знать типовые объекты платформы, иметь представление о встроенном языке 1С, языке запросов (СКД), обычных и управляемых форм (понимать общую архитектуру 1С); Уметь писать понятный, поддерживаемый код, а также читать чужой код (не умеете, научим); Стремление к постоянному развитию в области ИТ.";Полная занятость;Опыт от 1-го года;true
Программист (фулстак);100000;Уважаемые программисты- если нет опыта работы формата фулстак - нет опыта разработки именно мобильных приложений (единоличного) - не откликайтесь, пожалуйста;Требования: опыт программирования мобильных приложений;Полная занятость;Опыт от 1-го года;true
Ведущий программист 1С;120000;В IT команду требуется программист 1С с опытом поддержки нетиповых решений;"Требования: Опыт работы с конфигурацией 1С Альфа Авто не менее 5 лет; Опыт работы с расширениями конфигураций 1С; Опыт работы с торговым оборудованием (Сканер штрих-кода, ТСД (склад 15), этикеточный принтер).";Полная занятость;Опыт от 3-х лет;true
Программист 1С УТ, РТ (удаленно);176000;Мы предлагаем официальное трудоустройство по ТК РФ. Достойная оплата труда.;Требования: Глубокое знание платформы 1С 8.3, отличное владение средствами языка 1С 8.3. Умение писать сложные запросы, оптимизировать их. Умение понимать потребности Заказчика и превращать их в правильные решения. Опыт работы с высоконагруженными системами с большим количеством пользователей и операций.;Полная занятость;Опыт от 1-го года;true
Программист 1C (удаленно);120000;Pedant.ru - сеть №1 по ремонту смартфонов в России. Мы лидеры рейтингов: ТОП-1 Buybrand 2021, ТОП-3 по версии РБК, лучшая франшиза сервисных центров – в рейтинге БИБОСС, нас рекомендует СБЕР Бизнес. За 10 лет мы выросли в крупнейшую федеральную сеть на рынке ремонта смартфонов, присутствуем в 122 городах России, у нас открыто 447 сервисных центров и мы продолжаем развиваться, прирастая не только в географии сети и количестве сервисных центров, но и создавая новые продукты на фундаменте сервисной инфраструктуры.;"Для нас важно: высшее образование (техническое, экономическое, математическое); знание и понимание языка запросов 1С; знание типовых конфигураций; опыт работы с СКД; практический опыт разработки на 1С 8.х от 3 лет и выше; опыт работы с конвертацией данных; разработка на управляемых формах; умение быстро разбираться в чужом и типовом программном коде; умеете работать с расширениями: знание бухгалтерского учета;";Полная занятость;Опыт от 3-х лет;true
Php разработчик (Битрикс / Bitrix);180000;Удаленно. На оклад. Любой город, любая страна. С опытом и действительно хорошим знанием Bitrix. Не фриланс. Среди наших клиентов: РЖД, Сбер, ВТБ, Мираторг, Технониколь, Доброград, Nikon, Polaris, Ricoh, Tashir, Ренова, Столички и другие крупные бренды.;"Требования: Обязательные Отличные знание PHP, принципов ООП; Отличные знания Bitrix (способность и опыт реализовывать задачи типовыми возможностями и компонентами Bitrix – если это возможно, соответственно нужно знать, что они есть и как они работают); Аккуратность и ответственность (это важно, а не просто стандартная фраза); Нормальная производительность; Общая адекватность)";Полная занятость;Опыт от 3-х лет;true
Разработчик Битрикс / Bitrix (попроектно, удаленно);60000;Вот уже 15 лет наша компания является надежным партнером в области Интернет-маркетинга для сотен клиентов. За это время компания «Акцент на результат» стала лидером в области создания и продвижения сайтов в Казани и городах России заслужив доверие клиентов.;"Требования: Рассматриваем уровень junior или middle; Знание языков и технологий: PHP, AJAX, SQL, GIT; Официальный опыт работы по должности НЕ обязателен; Будет плюсом: наличие портфолио с завершенными проектами на 1С-Битрикс; Хорошее понимание ООП; Понимание метода MVC; Будет плюсом знание других CMS (Укажите в письме в каких cms хорошо ориентируетесь)";Проектная работа;Опыт от 1-го года;true
Программист 1С;160000;Мы являемся аккредитованной IT-организацией, занимаемся аутсорсингом программистов 1С и являемся официальным ресурсным центром 1С. Отсутствие KPI, мелких задач и каких-либо переработок. Заработная плата не зависит от Вашей выработки, а работа на проекте от года и более.;Требования: Практический опыт разработки на 1С 8.х от 3 лет и выше Знание и опыт в написании запросов, использование СКД, разработка на управляемых формах и оптимизация запросов. Написание грамотного и красивого программного кода (Не делал такое раньше, как раз самое время начать:) ) Знание конфигураций: БСП, БПО БИП (не знаешь, поможем) Умение быстро разбираться в типовом программном коде;Полная занятость;Опыт от 3-х лет;true
Программист 1С;90000;"ООО ""СНЭМА-СЕРВИС"" - признанный лидер отечественного рынка промышленного строительства и сервисных услуг на объектах нефтегазовой отрасли.";Требования: высшее профильное (техническое) образование знание функционала и конфигурации 1С ЗУП Корп. опыт программирования 1С знания/понимание основ кадрового делопроизводства и бухгалтерского учета;Полная занятость;Опыт от 1-го года;true
Программист 1C-Битрикс;100000;Мы помогаем бизнесу наших Клиентов стать более прибыльным и стабильным, объединяя усилия людей и технологий. Являемся крупнейшим золотым партнером Битрикс. Наши ценности — это честность, полезность, профессионализм и амбициозность. Мы уверены, что только сильные Сотрудники смогут сделать бизнес наших Клиентов сильнее. Именно поэтому нам уже больше 20 лет доверяют тысячи компаний по всему миру. Будьте первыми вместе с нами!;"ЧТО ЖДЁМ ОТ ВАС: - Уверенные знания PHP, MySQL, JS, понимание принципов ООП; - Опыт успешной реализации проектов на 1С-Битрикс; - Навык работы в команде, умение брать на себя ответственность; - Вашим преимуществом будет наличие сертификатов по 1С-Битрикс;.";Полная занятость;Опыт от 3-х лет;true
Разработчик ИТ-систем (lowcode);35000;Мы платформа Бипиум. Бипиум — лоукод-конструктор информационных систем для автоматизации бизнес-процессов предприятий.;Технические требования: Знания Javascript (или опыт в других языках) Понимание подходов работы с API систем, принципов REST, протокола HTTP и других сетевых штук Знания SQL (желательно);Полная занятость;Опыт от 1-го года;true
Программист 1С;120000;LEDEL® - один из ведущих российских разработчиков и производителей светодиодных светильников, входит в IEK GROUP. Мы гордимся нашей командой и создаем все условия для эффективной и комфортной работы наших сотрудников!;"Что мы ждем от кандидата: опыт работы в качестве программиста (разработчика) на платформе 1С:8 (от 2-х лет); знание конвертации данных; хорошие знания типовых объектов метаданных, БСП, запросов, СКД и управляемых форм; умение разбираться в чужом коде; опыт оптимизации производительности 1С от 50 пользователей; знания и навыки работы с конфигурацией 1С: ERP и 1с УПП; умение работать с хранилищем конфигурации; знание механизмов обмена со сторонними системами (сайт, EDI).";Полная занятость;Опыт от 1-го года;true
Программист 1С (внутренний проект компании);138000;Neti - IT-компания со штатом сотрудников 300+. Среди наших постоянных клиентов: ВТБ Капитал, Хлебпром, Быстроденьги, Расстал, Керама Марацци, Келли Сервисез, ВСК, Кораблик, Центральный телеграф, Свеза, Май, Седрус, а также компании из Германии, Голландии, Испании, Швеции, Израиля.;Какой нужен опыт и навыки: Иметь практический продуктивный опыт разработки на 1С 8.3 от 2-х лет и выше. Иметь хорошие знания типовых объектов метаданных, БСП, запросов, СКД и управляемых форм. Уметь писать понятный другим людям код без грубых ошибок оптимизации. Знать, как правильно дорабатывать конфигурацию, чтобы было минимум проблем с обновлением. Желательно знать на техническом уровне одну или более конфигурации (то есть иметь опыт серьезного анализа и изменения кода основных типовых механизмов в них). Будет преимуществом: наличие опыта автоматизации на базе 1С:КА 2, понимание оперативного учета и работы финансовых потоков. Иметь тягу постоянно изучать новое (нам дают сложные задачи, поэтому надо уметь быстро разбираться и хотеть это делать). Уметь работать по 8 часов в день. Не бояться при виде нового и неизведанного.;Полная занятость;Опыт от 1-го года;true
TypeScript программист;250000;Мы — компания интергратор Системные технологии, занимаемся разработкой и адаптацией систем защиты информации для крупных и средних компаний. Наши заказчики — банки, ритейл, ИТ, госучреждения, производство и др. Мы много лет и с удовольствием занимаемся технологиями поиска по неструктурированным данным: решаем проблему структуризации, индексации и классификации больших массивов данных в IT-инфраструктуре компании.;Что ожидаем от кандидата: умение разбираться в чужом коде опыт разработки на Vue+TypeScript от года понимание основ ООП опыт работы с системами контроля версий (Git, SVN) навыки использования HTML/CSS/JavaScript знание RestApi, WebSocket, Electron, приветствуется умение работать в команде и задавать вопросы;Полная занятость;Опыт от 1-го года;true
Программист С++;250000;Мы — компания интергратор СёрчСистемс, занимаемся разработкой и адаптацией систем защиты информации для крупных и средних компаний. Наши заказчики — банки, ритейл, ИТ, госучреждения, производство и др. Мы много лет и с удовольствием занимаемся технологиями поиска по неструктурированным данным: решаем проблему структуризации, индексации и классификации больших массивов данных в IT-инфраструктуре компании.;"Что ожидаем от кандидата: хорошее знание C и C++ (STL, Boost), понимание ООП, шаблонов проектирования и основных принципов разработки программ; уверенные знания Windows, ее внутренних механизмов и модели безопасности (Win32/NT API, x64, IPC, службы, инжект, перехват функций, недокументированные возможности); опыт разработки многопоточных приложений; навыки исследователя: умение самостоятельно проводить анализ и диагностику проблем, находить решения для сложных и нестандартных задач, пользоваться соответствующими инструментами (WinDBG, Sysinternals, WPP, xperf, API Monitor, IDA Pro).";Полная занятость;Опыт от 3-х лет;true
Инженер-программист SE;200000;IT компания «ИНВИАН» занимается интеллектуальной видеоаналитикой с 2019 года. ИНВИАН работает с видеоаналитикой транспортных потоков в реальном времени, организует обработку информации с камер видеонаблюдения в городских агломерациях, на региональных и федеральных дорогах.;Требования: хороший опыт в Linux, Python, FastAPI, Pydentic, Docker, docker-compose, bash понимание как тестировать код (unit/integration/acceptance/etc testing) умение работать в команде, делать code review и давать конструктивную обратную связь хорошее понимание и разделение ценностей Agile разработки, знание фреймворков SCRUM, Kanban общее представление, что такое жизненный цикл разработки (SDLC) и что такое жизненный цикл программного продукта, понимание концепции технического долга;Полная занятость;Опыт от 3-х лет;true
Стажер 1С-программист;20000;Привет! Мы Смарт Консалтинг - IT компания, уже 7 лет автоматизируем бизнес-процессы крупных заказчиков. Приглашаем на двухмесячную оплачиваемую стажировку с перспективой дальнейшего сотрудничества.;Чего мы ожидаем о тебя: Знание языков программирования на уровне интерн (будет тестирование) 3-4 курс высшего образования направления программирование (обязательно) Огромное желание развития в программировании;Стажировка;Без опыта;true
Программист 1С;100000;Здравствуй, наш будущий Программист 1С! Мы HR-агентство «For people» и мы в поиске лучших программистов 1С, консультанта 1С для наших партнеров. На данный момент 2 компании ищут себе сотрудников, а мы помогаем им с поиском. Если ты претендуешь на одну из 2 должностей, обязательно, оставляй отклик и пиши на какую должность хочешь пройти собеседование!;Что ждем от нашего кандидата: - Уверенные знания платформы 1С и опыт работы с 1С от 2х лет - Желателен опыт работы с конфигурациями из линейки БП, УТ, КА, УПП, ERP, УНФ. - Знание одного или нескольких видов учёта: бухгалтерский и налоговый, финансовый, оперативный, управленческий и т.д. - Самостоятельность, коммуникабельность, умение доводить задачу до конца.;Полная занятость;Опыт от 1-го года;true
Программист в отдел технической поддержки;60000;“1С-Рарус” — лидер в области комплексной автоматизации на платформе “1С:Предприятие”, дочернее предприятие Фирмы “1С”. С 1994 года клиентами “1С-Рарус” стали более чем 150 000 предприятий России и стран СНГ, а также подразделения крупнейших мировых компаний.;Для профессионалов своего дела Законченное высшее образование. Навыки программирования на платформе «1С:Предприятие 8.3». Наличие сертификатов 1С является преимуществом. Навыки делового общения. Умение работать в команде. Стремление к развитию в области ИТ.;Полная занятость;Опыт от 1-го года;true
JS-программист;150000;Тензор - это федеральный IT-холдинг: более 100 филиалов продаж, 11 центров разработки, 6000 сотрудников, 10000 партнеров по всей стране. Наш главный продукт СБИС – объединяет людей и компании, системы управления и учета, бизнес-процессы и документы в одной системе. Каждая вторая компания в России является нашим клиентом.;"МЫ ЖДЕМ ОТ ВАС: опыт разработки на JavaScript, TypeScript, знания HTML, CSS; уверенных навыков работы с системами контроля версий; хороших знаний паттернов проектирования и архитектурных паттернов; отличного понимания принципов ООП и SOLID; навыков работы с памятью и производительностью (отладка утечек памяти, построения профилей и дальнейшая оптимизация).";Полная занятость;Опыт от 3-х лет;true
Junior разработчик (поисковая выдача);65000;Мы в Яндексе очень хотим, чтобы наш Поиск выдавал на запросы пользователей результаты из самых компетентных источников. Часто, чтобы этого добиться, нам помогают асессоры, которые изучают поисковую выдачу и проверяют, насколько подходящие материалы туда попадают. Чтобы понять, какой ресурс дает ответ на запрос, а какой стоит убрать, нужно самому разбираться в той или иной области. Например, чтобы пользователи, которые интересуются разработкой, быстрее находили грамотные ответы на свои запросы, выдачу должен проверять понимающий в программировании асессор.;"Мы ждем, что вы: ответственно выполняете задания, когда никто не контролирует; увлекаетесь программированием или защитили в вузе пару курсовых по предмету; можете написать код под разные задачи; готовы изучить новые для себя технические сферы; любите разбираться и узнавать, как что и почему работает; сможете работать на собственной технике (ноутбук или смартфон).";Полная занятость;Опыт от 1-го года;true
Программист С++;170000;"Мы ищем С++ разработчиков в проекты: Поддержка и развитие бизнес-логики функционала для совершения видеозвонков и SIP телефонии в мобильном приложении; Поддержка и развитие бизнес-логики функционала для работы с совещаниями и вебинарами в мобильном приложении;";"ТРЕБОВАНИЯ высшее/неполное высшее образование; опыт разработки на С++; уверенное знание STL; понимание эффективных алгоритмов и структур данных; опыт разработки под win/nix приветствуется.";Полная занятость;Опыт от 3-х лет;true
Программист 1С;50000;«1С-Рарус» — лидер в области комплексной автоматизации на платформе “1С:Предприятие”, дочернее предприятие Фирмы “1С”. С 1994 года клиентами “1С-Рарус” стали более чем 150 000 предприятий России и стран СНГ, а также подразделения крупнейших мировых компаний.;Для профессионалов своего дела Законченное высшее образование. Продвинутые навыки программирования на платформе «1С:Предприятие 8.3» Знание типовых конфигураций Фирмы “1С” Знание стандартов разработки Фирмы “1С” Наличие сертификатов 1С является преимуществом Навыки делового общения. Умение работать в команде. Стремление к развитию в области ИТ.;Полная занятость;Опыт от 3-х лет;true
Программист 1С;130000;В крупную федеральную компанию приглашается программист 1С для развития и совершенствования IT- систем на базе 1С :Предприятие 8.3 (товарно-складской учет, WMS, CRM и другое).;Требования: Высшее техническое образование. Опыт программирования в 1С: Предприятие 8.3 не менее 3-х лет.;Полная занятость;Опыт от 6-ти лет;true
Программист SE-DEVOPS;160000;IT компания «ИНВИАН» занимается интеллектуальной видеоаналитикой с 2019 года. ИНВИАН работает с видеоаналитикой транспортных потоков в реальном времени, организует обработку информации с камер видеонаблюдения в городских агломерациях, на региональных и федеральных дорогах.;Требования: опыт в Linux, Python, Docker, docker-compose, ansible Глубокое понимание и опыт запуска CI (желательно в gitlab) понимание как тестировать код (unit/integration/acceptance/etc testing) знания и опыт в сетевых технологиях: L2/L3 маршрутизация TCP/IP, применение виртуализации, firewall, vpn и другие решения в области сетевой безопасности;Полная занятость;Опыт от 1-го года;true
Программист-разработчик 1С (удаленно);168000;Мы, компания Союзрешение, - команда опытных специалистов, готовых справиться с любой задачей.;"Ждем Вас, если есть: Минимальный опыт работы в 1С-сфере (консультантом, аналитиком, разработчиком, архитектором) – 3 года; Минимальный опыт работы разработчиком 1С – 2 года; Высшее образование; Знание типовых конфигураций: ERP, ЗУП, Управление торговлей, Бухгалтерия предприятия Исполнительность, ответственность, быть на связи, соблюдать сроки";Частичная занятость;Опыт от 3-х лет;true
Программист 1C;40000;В связи с активным развитием бизнеса крупнейший российский производитель бытовой химии и косметической продукции Нэфис Косметикс в поиске кандидатов на вакансию Программиста 1С.;"Требования: Знание встроенного языка программирования 1С:Предприятие; Среднее либо высшее образование(желательно техническое); Заработная плата по результатам собеседования. Рассматриваем без опыта работы в том числе студентов либо кандидатов с пройденными курсами (1С, SQL).";Полная занятость;Опыт от 1-го года;true
Инженер программист;55000;"В Сервисную службу ООО ""ПП ""ТехВент"" требуется специалист инженер программист с опытом работы.";Требования: высшее техническое образование, стаж работы более 1 года, умение читать и понимать электрические схемы, знания принципов работы вентиляционного оборудования приветствуются, знания принципов работы холодильных машин приветствуются. опыт работы с панелями Weintek, промышленными контроллерами (Schneider Electric, Carel, Owen, Pixel, Zentec): подключение, загрузка программы, изменение кода, в случае нахождения ошибок в алгоритме работы системы. знание протоколов связи Modbus, TCP/IP.;Полная занятость;Опыт от 1-го года;true
Асессор-разработчик;65000;Мы в Яндексе очень хотим, чтобы наш Поиск выдавал на запросы пользователей результаты из самых компетентных источников. Часто, чтобы этого добиться, нам помогают асессоры, которые изучают поисковую выдачу и проверяют, насколько подходящие материалы туда попадают. Чтобы понять, какой ресурс дает ответ на запрос, а какой стоит убрать, нужно самому разбираться в той или иной области. Например, чтобы пользователи, которые интересуются разработкой, быстрее находили грамотные ответы на свои запросы, выдачу должен проверять понимающий в программировании асессор.;"Мы ждем, что вы: ответственно выполняете задания, когда никто не контролирует; увлекаетесь программированием или защитили в вузе пару курсовых по предмету; можете написать код под разные задачи; готовы изучить новые для себя технические сферы; любите разбираться и узнавать, как что и почему работает; сможете работать на собственной технике (ноутбук или компьютер).";Частичная занятость;Опыт от 1-го года;true
Ведущий программист 1С;180000;"Компания ITLand более 15 лет занимается автоматизацией проектного управления. Продукты и решения ITLand используются более чем в 300 проектно-ориентированных организациях России и СНГ, среди клиентов компании: Научно-Технический Центр «Газпром Нефти», предприятия ГК «Росатом», Холдинг RBI, Архитектурное Бюро UNK Project, АО «Институт Гипростроймост – Санкт-Петербург» и другие. Подробнее о наших проектах и заказчиках можно почитать на нашем сайте в разделе ""Клиенты"".";"Нам требуется: Опыт разработки в среде 1С (управляемые формы) от 3 лет; Опыт работы с одной из конфигураций: 1С:ERP, ДО, УТ 11; Желание разрабатывать по стандартам 1С.";Полная занятость;Опыт от 3-х лет;true
Программист 1С;150000;"ООО ""Эгида+""-успешно развивающаяся российская компания по производству и продаже пенополиуретана, тканей, клея и комплектующих для мягкой мебели.";Требования: высшее образование по специальности инженер-программист знание принципов работы 1С, навыки программирования и работы с базами данных знание типовых конфигураций 1С БУХ, ERP, ЭДО решение нетиповых задач, разработка дополнительного функционала под бизнес процессы умение использовать СКД, создавать и настраивать обычные и управляемые формы;Полная занятость;Опыт от 3-х лет;true
Разработчик;120000;«Офсет» - франчайзинговая компания, поставляющая вендинговое оборудование цифровой печати по всей России: от Калининграда до Камчатки. Если Вы готовы решать неординарные задачи и быть частью инновационных проектов — добро пожаловать в команду Офсет!;Требования: Знание языков программирования PHP Знание ОС Linux на уверенном уровне;Полная занятость;Опыт от 3-х лет;true
Drupal-программист (Full-stack разработчик);70000;Компания RuContent занимается созданием и развитием собственных сайтов-справочников (каталогов). У нас около 30-40 своих сайтов, которые так или иначе развиваются, а также в год запускаем 10 - 15 новых проектов. Поэтому часть работы программиста будет заключаться в поддержке и мелких доработках текущих сайтов, а часть работы в запуске новых сайтов.;"Требования: Опыт работы с Drupal 7 и Drupal 9 от 1 года; Знание PHP, MySQL, HTML, CSS, JavaScript и jQuery; Понимание принципов оптимизации производительности и безопасности веб-сайтов; Умение работать в команде и коммуникативные навыки.";Полная занятость;Опыт от 1-го года;true
Программист 1С;120000;В ИТ-стартап открыт набор программистов 1С для формирования проектной команды. Нам предстоит выполнять широкий спектр задач и проектов для клиентов по всей России. Все работы и встречи проводятся в онлайне.;Требования: Знание основных типовых конфигураций 1С: УТ 11, БП 3. Желательно знание принципов работы КА 2.5 и ERP 2.5. Знание ЗУП 3 будет плюсом. Уверенные технические знания: - языка запросов 1С - СКД - механизмов платформы по части интеграции с другими системами (http-сервисы, web-сервисы) - знание БСП будет плюсом Самодисциплина и наличие удобного рабочего места - это важно для полностью удаленной работы. Необходимо быть на связи в течение рабочего дня. Умение самостоятельно разбираться в новых технологических областях, в типовом коде, в коде других программистов.;Полная занятость;Опыт от 1-го года;true
Программист C# Middle, Middle+ (Senior);120000;Мы реализуем высокотехнологичный MedTech-проект по созданию роботизированного комплекса для проведения ультразвуковых исследований. Приглашаем разработчика в нашу дружную, амбициозную команду.;Наши ожидания: Знание принципов асинхронного программирования Уверенное владение языком C# 8+ и платформой .NET 5+, с опытом разработки не менее 3 лет Владение языком SQL, знание принципов проектирования баз данных Знание архитектуры клиент-серверных приложений Знание современных паттернов архитектуры приложения (Clean, MVVM и др.). Понимание принципов SOLID Опыт работы с портами ввода-вывода Опыт работы с библиотекой OpenCV Опыт работы в области программирования микроконтроллеров и знания стандартов DICOM и протокола HL7 (приветствуется) Знание английского языка (на уровне чтения документации);Полная занятость;Опыт от 3-х лет;true
Веб-разработчик;120000;Danaflex– крупнейший производитель гибкой упаковки в России. Упаковку Danaflex используют производители кондитерских изделий, снеков, масложировой и бакалейной продукции, средств гигиены, сухих напитков и других продуктов рынка FMCG На первом месте в компании — уважение к личности. Большое внимание уделяется охране труда, профессиональному росту сотрудников и открытости к их идеям.;Что мы ждем от вас: Знание php, mySQL, js, vue js Приветствуется опыт работы или знания Laravel Framework Понимание ООП и основных паттернов разработки понимание или опыт работы с SOAP, REST API опыт работы с GIT Опыт работы веб-разработчиком Личные качества: ответственность, готовность изучать новое, инициативность;Полная занятость;Опыт от 1-го года;true
Программист 1С;138000;Наша компания занимается профессиональной разработкой 1С на крупных проектах заказчиков на территории России и за рубежом. Среди наших постоянных клиентов: ВТБ Капитал, Хлебпром, Быстроденьги, Расстал, Керама Марацци, Келли Сервисез, ВСК, Кораблик, Центральный телеграф, Свеза, Май, Седрус, а также компании из Германии, Голландии, Испании, Швеции, Израиля.;Что важно уметь кандидату в области программирования: Иметь практический продуктивный опыт разработки на 1С 8.х от 2,5 лет и выше. Хорошие знания типовых объектов метаданных, БСП, запросов, СКД и управляемых форм. Умение писать понятный другим людям код без грубых ошибок оптимизации. Знать, как правильно дорабатывать конфигурацию, чтобы было минимум проблем с обновлением. Желательно знать на техническом уровне одну или более конфигурации (то есть иметь опыт серьезного анализа и изменения кода основных типовых механизмов в них).;Полная занятость;Опыт от 3-х лет;true
Менеджер по продажам;300000;"Компания ""Успех"" ищет энергичного и амбициозного менеджера по продажам для работы в успешном и быстроразвивающемся бизнесе. Мы предлагаем высокий уровень заработной платы, бесплатную парковку, корпоративные мероприятия и карьерный рост.";Навыки работы с клиентами, желание развиваться и учиться, знание английского языка на уровне Intermediate и выше;Полная занятость;Опыт от 2-х лет;false
Frontend-разработчик;250000;"Ведущая IT-компания """"Развитие"""" приглашает в свою команду Frontend-разработчика с опытом работы от 3 лет. Мы предлагаем высокий уровень заработной платы, график работы 5/2, обучение и развитие в профессиональной сфере.";знание HTML, CSS, JavaScript, опыт работы с AngularJS, желание развиваться и учиться;Частичная занятость;Опыт от 3-х лет;false
Junior Python Developer;50000;Подработка на дому. Задача - написать 1000 строк кода в день.;Знания Python не ниже среднего уровня;Полная занятость;Без опыта;false
Frontend-разработчик;120000;ООО Компания A ищет хороших Frontend-разработчиков;Разработка интерфейса пользователя в Adobe Photoshop;Разработка интерфейса пользователя в Adobe Photoshop;Опыт от 10-ти лет;false
Сборщик-курьер;44000;СберМаркет — крупнейший онлайн-сервис, который помогает делать покупки в магазинах, не выходя из дома. Мы растём, поэтому ищем сборщиков-курьеров интернет-заказов в магазины «Пятёрочка», «Магнит» и другие.;"Прекрасно, если у вас: уже оформлена медкнижка, если нет — поможем её оформить; есть телефон или планшет на Android; грамотная речь; присутствует желание помогать людям; есть навык езды на велосипеде; вы хорошо ориентируетесь в продуктовых магазинах.";Частичная занятость;Без опыта;true
Медицинская сестра/медицинский брат мобильного обслуживания;100000;Гемотест — российская медицинская компания, оказывающая услуги в сфере лабораторной диагностики. Созданная в 2002 году, она продолжает активно развиваться — совершенствовать бизнес-процессы, расширять спектр выполняемых исследований и географию присутствия. Сегодня отделения Гемотест открыты более чем в 700 городах в России, Киргизии, Таджикистане и Казахстане, а ее услугами ежегодно пользуются более 11 миллионов пациентов. Мы видим свою миссию в развитии социально-ответственного бизнеса и стремимся выстраивать продуктивное и долгосрочное партнерство с каждым сотрудником компании. Присоединяйтесь к команде Гемотест!;"Требования: Образование среднее специальное медицинское; Наличие действующего сертификата: «Сестринское дело»/«Сестринское дело в педиатрии»; Владение навыком взятия венозной крови; Опыт работы от года (желательно); Знание компьютера. Готовность к разъездному характеру работы.";Полная занятость;Опыт от 10-ти лет;true
Автокурьер-сборщик;126000;СберМаркет — крупнейший онлайн-сервис, который помогает делать покупки в магазинах, не выходя из дома. Мы растём, поэтому ищем курьеров-сборщиков интернет-заказов на личном авто в магазины «Пятёрочка», «Магнит» и другие.;"Прекрасно, если у вас: уже оформлена медкнижка, если нет — поможем её оформить; есть телефон или планшет на Android; грамотная речь; присутствует желание помогать людям; есть навык езды на велосипеде; вы хорошо ориентируетесь в продуктовых магазинах.";Частичная занятость;Без опыта;true
Машинист экскаватора-погрузчика JCB 3cx;80000;"ГК ""ТеплоЦентрСтрой"" - крупная строительно-монтажная организация с 27-летней историей, реализующая уникальные проекты по сооружению объектов инженерной инфраструктуры в городе Москва. У нас собственный парк строительной техники более 150 единиц, ремонтная база и сплоченный коллектив.";"Требования: Подтвержденный Стаж работы по Москве от 3 лет.; Уверенное владение вверенной техникой; Умение ориентироваться по Москве.";Полная занятость;Опыт от 10-ти лет;true
Техник АХО;60000;Крупная Российская компания приглашает в свою команду специалиста, для строительства и ремонта крупномасштабного музея: «Макет России».;Требования: Опыт работы в АХО, техником, сантехником, электриком, плотником, строителем. Опыт работы с различным ручным инструментом Опыт выполнения строительно-ремонтных и монтажных работ;Полная занятость;Опыт от 10-ти лет;true
Продавец в салон связи;55000;Мы – команда розничной сети МТС. Сегодня у нас более 3 400 магазинов МТС в более 800 городах России.;"Мы ждем от тебя: Хочешь общаться с людьми и учиться новому; Стремишься хорошо зарабатывать; Любишь электронику и гаджеты; Нет опыта? Не переживай, мы научим и окажем поддержку на каждом этапе.";Полная занятость;Без опыта;true
Frontend-разработчик;80000;Компания Z из дальнего востока ищет разработчиков в свою компанию;Уверенное знание знание C++, C#;Полная занятость;Опыт от 1-го года;false
ываываы;100000;вапвапвап;вапвапвап;Полная занятость;Без опыта;false
лщоапрапи;10000;рзалпораплшор;рщшокрлав;Полная занятость;Опыт от 1-го года;false
